block,temp,humidity,rain,wind,daytype,holiday
1,0.001123,-0.000255,-2.03427,0.0,0.000216,0.0
2,0.003506,-0.000698,-2.517436,0.0,0.0,0.0
3,0.005097,-0.000894,-1.77635,0.0,0.000247,0.0
4,0.011262,-0.002025,-2.327938,0.0,0.00368,0.0
5,0.012904,-0.00255,-2.098691,0.0,0.001922,0.0
6,0.015337,-0.002915,-1.674517,0.0,-0.00234,0.0
7,0.017467,-0.003193,-1.279476,0.0,0.001238,0.0
8,0.018104,-0.003199,-1.146153,0.0,0.002049,0.0
9,0.018058,-0.003456,-1.035227,0.0,-0.003538,0.0
10,0.018961,-0.00362,-1.124833,0.0,-0.002877,0.0
11,0.020331,-0.003887,-1.067078,0.0,-0.000309,0.0
12,0.021472,-0.004027,-1.000602,0.0,-0.003254,0.0
13,0.021368,-0.004394,-1.250897,0.0,-0.009086,0.0
14,0.021118,-0.004356,-0.992372,0.0,-0.004858,0.0
15,0.021475,-0.004219,-0.789359,0.0,-0.004504,0.0
16,0.020215,-0.004249,-0.917225,0.0,-0.004257,0.0
17,0.01987,-0.004194,-0.870157,0.0,-0.0063,0.0
18,0.022755,-0.004786,-0.991782,0.0,-0.009907,0.0
19,0.021277,-0.004349,-0.930304,0.0,-0.008205,0.0
20,0.018641,-0.004398,-1.130169,0.0,-0.009099,0.0
21,0.017569,-0.004055,-1.107833,0.0,-0.00893,0.0
22,0.015026,-0.003819,-0.88424,0.0,-0.008393,0.0
23,0.012013,-0.003531,-0.69324,0.0,-0.011279,0.0
24,0.008761,-0.003061,-0.631512,0.0,-0.009044,0.0
25,0.007449,-0.002794,-0.719185,0.0,-0.01291,0.0
26,0.005037,-0.002195,-0.534472,0.0,-0.011185,0.0
27,0.000294,-0.000462,-0.097315,0.0,-0.002797,0.0
28,-7e-06,-0.000585,-0.069,0.0,-0.004403,0.0
29,-0.000461,-0.000308,-0.110672,0.0,-0.001878,0.0
30,-0.000228,-0.000256,-0.066725,0.0,-0.001146,0.0
31,-0.000116,-0.000266,-0.044019,0.0,-0.001168,0.0
32,-7.6e-05,-0.000237,-0.031925,0.0,-0.001671,0.0
33,-4.4e-05,-0.000145,-0.046504,0.0,-0.00116,0.0
34,-0.000199,-6e-05,-0.045427,0.0,-0.000826,0.0
35,-0.00033,-1.1e-05,-0.050086,0.0,-0.000813,0.0
36,-0.000578,5.4e-05,-0.045917,0.0,-0.000808,0.0
37,-0.000717,0.000121,-0.068326,0.0,-0.000596,0.0
38,-0.000854,0.000166,-0.089671,0.0,-0.000141,0.0
39,-0.001786,0.000374,-0.180498,0.0,0.00119,0.0
40,-0.003898,0.000804,-0.336585,0.0,0.002997,0.0
41,-0.00575,0.001199,-0.63328,0.0,0.006571,0.0
42,-0.005768,0.001255,-0.825125,0.0,0.008907,0.0
43,-0.006632,0.001469,-0.906546,0.0,0.009405,0.0
44,-0.007155,0.001564,-0.906842,0.0,0.012546,0.0
45,-0.008424,0.001796,-1.450632,0.0,0.013009,0.0
46,-0.008481,0.001799,-1.28029,0.0,0.015499,0.0
47,-0.0084,0.001943,-1.283557,0.0,0.012717,0.0
48,-0.008424,0.001972,-0.851644,0.0,0.014592,0.0
49,-0.008489,0.001962,-0.586899,0.0,0.009995,0.0
50,-0.008718,0.001961,-0.937183,0.0,0.015263,0.0
51,-0.009003,0.001957,-1.411698,0.0,0.013054,0.0
52,-0.009038,0.00199,-1.440245,0.0,0.01599,0.0
53,-0.00915,0.002104,-2.152433,0.0,0.017158,0.0
54,-0.009682,0.002184,-3.03781,0.0,0.016312,0.0
55,-0.010099,0.002227,-3.587638,0.0,0.014441,0.0
56,-0.010156,0.002254,-2.827674,0.0,0.012425,0.0
57,-0.009684,0.002244,-1.519797,0.0,0.009009,0.0
58,-0.009438,0.002251,-2.593242,0.0,0.006768,0.0
59,-0.009203,0.002198,-3.892302,0.0,0.004098,0.0
60,-0.008388,0.002024,-3.153441,0.0,0.003653,0.0
61,-0.00693,0.001662,-2.876709,0.0,-0.000143,0.0
62,-0.006049,0.001405,-3.300389,0.0,-0.002073,0.0
63,-0.005023,0.001095,-2.26707,0.0,-0.001595,0.0
64,-0.003705,0.000768,-2.167638,0.0,-0.001339,0.0
65,-0.002116,0.000421,-1.203392,0.0,-0.00066,0.0
66,-0.00162,0.000319,-0.78679,0.0,-0.001896,0.0
67,-0.001014,0.000193,-0.435109,0.0,-0.001314,0.0
68,-0.000798,0.000147,-0.227357,0.0,-0.001788,0.0
69,-0.000632,0.000108,-0.14621,0.0,-0.001236,0.0
70,-0.000514,7.7e-05,-0.246527,0.0,-0.001792,0.0
71,-0.000584,8.4e-05,-0.277569,0.0,-0.001193,0.0
72,-0.000654,6.9e-05,-0.578962,0.0,-0.001637,0.0
73,-0.000574,1.9e-05,-1.581424,0.0,-0.0013,0.0
74,-0.000544,6e-06,-1.270656,0.0,-0.001411,0.0
75,-0.000524,6e-06,-1.387292,0.0,-0.001551,0.0
76,-0.000525,-0.0,-1.100618,0.0,-0.001689,0.0
77,-0.000612,-1.4e-05,-0.819041,0.0,-0.001573,0.0
78,-0.000617,-7e-06,-1.367391,0.0,-0.001289,0.0
79,-0.000753,-3e-06,-1.725017,0.0,-0.001495,0.0
80,-0.000923,-0.0,-1.408857,0.0,-0.001781,0.0
81,-0.001009,-2.2e-05,-1.105037,0.0,-0.001634,0.0
82,-0.000994,-1.3e-05,-1.658163,0.0,-0.001806,0.0
83,-0.000961,-2.4e-05,-2.512085,0.0,-0.002028,0.0
84,-0.001067,-4e-06,-4.678885,0.0,-0.0017,0.0
85,-0.001183,0.0,-4.107833,0.0,-0.001891,0.0
86,-0.001134,0.0,-2.378694,0.0,-0.001523,0.0
87,-0.001144,1.2e-05,-0.890814,0.0,-0.001646,0.0
88,-0.001082,1.4e-05,-0.731069,0.0,-0.001642,0.0
89,-0.000892,3.8e-05,-0.393423,0.0,-0.001772,0.0
90,-0.000855,7e-06,-0.558177,0.0,-0.001524,0.0
91,-0.000579,0.0,-0.758457,0.0,-0.001509,0.0
92,-0.000393,-3.7e-05,-1.120973,0.0,-0.001346,0.0
93,-6e-06,-9.1e-05,-1.5863,0.0,-0.001543,0.0
94,0.00024,-0.000113,-1.970938,0.0,-0.001871,0.0
95,0.000547,-0.0001,-1.992336,0.0,-0.001689,0.0
96,0.000892,-0.000184,-2.045382,0.0,-0.001829,0.0
