date,t1_mape,t1_acc,t1_peak_mape,t2_mape,t2_acc,t2_peak_mape,t2_error,avg_temp,peak_load,day_of_week,is_weekend
2025-05-01,16.08,83.92,17.571,,,,no prior day data,30.7,9952.0,Thursday,False
2025-05-02,64.788,35.212,48.72,,,,No data for reference date 2025-04-30. Latest available: 2025-06-30 with 96/96 blocks. Please add the latest data and re,26.8,8357.3,Friday,False
2025-05-03,11.207,88.793,12.122,29.693,70.307,27.714,,28.2,8397.0,Saturday,True
2025-05-04,11.336,88.664,10.39,17.246,82.754,19.359,,28.7,7903.6,Sunday,True
2025-05-05,10.662,89.338,6.972,11.069,88.931,3.971,,27.9,8187.1,Monday,False
2025-05-06,9.624,90.376,10.861,11.074,88.926,12.985,,27.9,8589.8,Tuesday,False
2025-05-07,11.921,88.079,12.117,12.296,87.704,13.927,,28.5,8451.0,Wednesday,False
2025-05-08,10.793,89.207,9.308,10.546,89.454,9.978,,28.7,8907.1,Thursday,False
2025-05-09,10.105,89.895,10.033,4.295,95.705,5.878,,29.6,9415.6,Friday,False
2025-05-10,7.099,92.901,3.891,12.125,87.875,8.88,,29.9,8886.6,Saturday,True
2025-05-11,12.964,87.036,8.937,11.993,88.007,8.416,,31.5,8303.6,Sunday,True
2025-05-12,11.453,88.547,11.717,11.86,88.14,12.017,,31.7,9378.9,Monday,False
2025-05-13,14.319,85.681,14.008,13.564,86.436,14.319,,32.7,10083.0,Tuesday,False
2025-05-14,17.231,82.769,17.89,16.592,83.408,18.05,,32.9,10121.6,Wednesday,False
2025-05-15,15.44,84.56,15.249,17.425,82.575,18.772,,33.4,10865.0,Thursday,False
2025-05-16,10.01,89.99,6.209,12.951,87.049,10.536,,33.5,10443.1,Friday,False
2025-05-17,6.701,93.299,3.505,8.243,91.757,4.695,,33.8,10366.0,Saturday,True
2025-05-18,4.509,95.491,2.319,5.814,94.186,4.127,,33.9,10298.6,Sunday,True
2025-05-19,13.884,86.116,19.351,16.307,83.693,21.714,,33.0,11872.3,Monday,False
2025-05-20,15.082,84.918,16.231,17.574,82.426,20.121,,33.7,12208.7,Tuesday,False
2025-05-21,27.84,72.16,11.19,29.528,70.472,18.292,,33.4,12509.4,Wednesday,False
2025-05-22,18.129,81.871,18.741,13.529,86.471,13.861,,31.5,10634.4,Thursday,False
2025-05-23,6.691,93.309,2.047,9.2,90.8,3.369,,32.1,11363.4,Friday,False
2025-05-24,6.78,93.22,3.39,6.911,93.089,5.638,,32.6,11384.8,Saturday,True
2025-05-25,97.637,2.363,65.026,101.037,-1.037,63.227,,28.3,27985864.0,Sunday,True
2025-05-26,4.698,95.302,5.572,18.21,81.79,17.692,,30.4,10337.0,Monday,False
2025-05-27,12.179,87.821,11.03,5.345,94.655,1.699,,31.8,10654.2,Tuesday,False
2025-05-28,20.362,79.638,23.97,14.438,85.562,16.878,,32.7,11075.7,Wednesday,False
2025-05-29,11.289,88.711,12.334,9.593,90.407,9.262,,33.1,11088.4,Thursday,False
2025-05-30,5.742,94.258,11.679,6.008,93.992,9.245,,30.9,10281.3,Friday,False
2025-05-31,9.333,90.667,12.676,12.803,87.197,16.856,,31.3,9880.6,Saturday,True
2025-06-01,20.381,79.619,26.297,28.501,71.499,36.677,,30.4,9041.2,Sunday,True
2025-06-02,8.637,91.363,8.742,6.616,93.384,8.171,,30.1,9419.7,Monday,False
2025-06-03,5.01,94.99,7.344,6.528,93.472,5.635,,28.5,8874.6,Tuesday,False
2025-06-04,6.905,93.095,9.479,6.174,93.826,6.116,,27.8,9027.9,Wednesday,False
2025-06-05,6.373,93.627,5.639,4.808,95.192,1.906,,29.2,9796.0,Thursday,False
2025-06-06,15.186,84.814,15.221,9.87,90.13,11.435,,30.7,10578.8,Friday,False
2025-06-07,15.84,84.16,16.2,16.238,83.762,19.893,,32.4,11061.8,Saturday,True
2025-06-08,9.544,90.456,6.366,12.207,87.793,10.86,,34.0,10604.9,Sunday,True
2025-06-09,15.841,84.159,18.407,20.032,79.968,24.252,,34.6,12351.9,Monday,False
2025-06-10,15.116,84.884,16.138,19.765,80.235,21.604,,34.6,12744.5,Tuesday,False
2025-06-11,13.323,86.677,14.668,18.123,81.877,20.316,,34.9,13010.1,Wednesday,False
2025-06-12,12.094,87.906,9.75,16.818,83.182,15.4,,34.9,13347.8,Thursday,False
2025-06-13,8.885,91.115,6.326,13.738,86.262,11.418,,34.7,13445.2,Friday,False
2025-06-14,5.553,94.447,4.08,7.672,92.328,5.605,,34.7,13217.8,Saturday,True
2025-06-15,17.572,82.428,28.309,14.763,85.237,23.722,,32.9,12673.4,Sunday,True
2025-06-16,6.541,93.459,9.409,5.937,94.063,7.928,,30.2,12829.6,Monday,False
2025-06-17,7.317,92.683,8.502,8.188,91.812,9.051,,29.6,11965.4,Tuesday,False
2025-06-18,6.15,93.85,4.074,7.142,92.858,2.856,,30.2,11714.2,Wednesday,False
2025-06-19,6.552,93.448,5.874,4.041,95.959,2.789,,31.0,12492.5,Thursday,False
2025-06-20,10.718,89.282,10.553,6.617,93.383,7.847,,30.2,13103.2,Friday,False
2025-06-21,8.752,91.248,9.695,6.284,93.716,8.871,,31.4,13486.6,Saturday,True
2025-06-22,6.147,93.853,9.257,5.086,94.914,8.573,,31.5,12074.2,Sunday,True
2025-06-23,5.161,94.839,6.617,7.706,92.294,10.187,,31.3,13566.8,Monday,False
2025-06-24,3.071,96.929,1.521,3.47,96.53,2.19,,31.2,12733.2,Tuesday,False
2025-06-25,3.211,96.789,6.65,4.356,95.644,5.481,,29.8,11541.7,Wednesday,False
2025-06-26,2.283,97.717,1.48,3.012,96.988,4.813,,30.7,12050.8,Thursday,False
2025-06-27,8.905,91.095,11.817,7.165,92.835,9.837,,31.3,13376.5,Friday,False
2025-06-28,6.571,93.429,7.854,6.942,93.058,8.418,,31.1,13064.2,Saturday,True
2025-06-29,13.4,86.6,21.999,14.75,85.25,24.688,,29.3,10856.0,Sunday,True
2025-06-30,8.347,91.653,3.169,13.913,86.087,7.533,,28.5,11538.2,Monday,False
